主键,名字,基类,脚本,模型,模型尺寸,等级,品质,皮肤,饰品编号,饰品款式,碰撞大小,移动类型,移动速度,转身速率,血条偏移,基础生命,基础生命回复,基础魔法,基础魔法回复,攻击能力,最小攻击力,最大攻击力,攻击间隔,攻击抬手,警戒距离,攻击距离,周身特效,周身特效,投射物速率,基础护甲,基础魔抗,攻击类型,防御类型,小地图图标,作为英雄生命条,作为远古,单位标签,技能1,技能2,技能3,技能4,技能5
UnitName,Name,BaseClass,vscripts,Model,ModelScale,Level,Rarity,Skin,ItemDef,ItemStyle,BoundsHullName,MovementCapabilities,MovementSpeed,MovementTurnRate,HealthBarOffset,StatusHealth,StatusHealthRegen,StatusMana,StatusManaRegen,AttackCapabilities,AttackDamageMin,AttackDamageMax,AttackRate,AttackAnimationPoint,AttackAcquisitionRange,AttackRange,AmbientEffect,AmbientParticle,ProjectileSpeed,ArmorPhysical,MagicalResistance,CombatClassAttack,CombatClassDefend,MinimapIcon,ConsideredHero,IsAncient,UnitLabel,Ability1,Ability2,Ability3,Ability4,Ability5
pet_1,勇敢的小鸡,npc_dota_creature,,models/items/courier/mighty_chicken/mighty_chicken.vmdl,1,1,N,,10147,,DOTA_HULL_SIZE_SMALL,DOTA_UNIT_CAP_MOVE_GROUND,400,0.5,120,1000,10,1000,2,DOTA_UNIT_CAP_NO_ATTACK,1,1,1.2,0.75,900,125,modifier_courier_fx_ambient_1,,,0,0,DOTA_COMBAT_CLASS_ATTACK_BASIC,DOTA_COMBAT_CLASS_DEFEND_HERO,minimap_creep,0,0,pet,pet_1_1,,,,
pet_2,火箭小鸡,npc_dota_creature,,models/items/courier/mighty_chicken/mighty_chicken_flying.vmdl,1,1,R,,10147,,DOTA_HULL_SIZE_SMALL,DOTA_UNIT_CAP_MOVE_GROUND,400,0.5,120,1000,10,1000,2,DOTA_UNIT_CAP_NO_ATTACK,1,1,1.2,0.75,900,125,modifier_courier_fx_ambient_2,,,0,0,DOTA_COMBAT_CLASS_ATTACK_BASIC,DOTA_COMBAT_CLASS_DEFEND_HERO,minimap_creep,0,0,pet,pet_2_1,,,,
pet_3,[绝版]金鲲咬人箱,npc_dota_creature,,models/courier/beetlejaws/mesh/beetlejaws.vmdl,1,1,SSR,1,11643,,DOTA_HULL_SIZE_SMALL,DOTA_UNIT_CAP_MOVE_GROUND,400,0.5,120,1000,10,1000,2,DOTA_UNIT_CAP_NO_ATTACK,1,1,1.2,0.75,900,125,modifier_courier_fx_ambient_3,,,0,0,DOTA_COMBAT_CLASS_ATTACK_BASIC,DOTA_COMBAT_CLASS_DEFEND_HERO,minimap_creep,0,0,pet,pet_3_1,,,,
pet_4,骑驴法师,npc_dota_creature,ai/ai_pet_4.lua,models/courier/donkey_ti7/donkey_ti7.vmdl,1,1,SR,,12147,,DOTA_HULL_SIZE_SMALL,DOTA_UNIT_CAP_MOVE_GROUND,400,0.5,120,1000,10,1000,2,DOTA_UNIT_CAP_NO_ATTACK,1,1,1.2,0.75,900,125,modifier_courier_fx_ambient_4,,,0,0,DOTA_COMBAT_CLASS_ATTACK_BASIC,DOTA_COMBAT_CLASS_DEFEND_HERO,minimap_creep,0,0,pet,pet_4_1,,,,
pet_5,纯金蝾小螈,npc_dota_creature,,models/items/courier/axolotl/axolotl.vmdl,1,1,SSR,3,10920,3,DOTA_HULL_SIZE_SMALL,DOTA_UNIT_CAP_MOVE_GROUND,400,0.5,120,1000,10,1000,2,DOTA_UNIT_CAP_NO_ATTACK,1,1,1.2,0.75,900,125,modifier_courier_fx_ambient_5,,,0,0,DOTA_COMBAT_CLASS_ATTACK_BASIC,DOTA_COMBAT_CLASS_DEFEND_HERO,minimap_creep,0,0,pet,pet_5_1,,,,
pet_6,纯金飞小龙,npc_dota_creature,,models/courier/baby_winter_wyvern/baby_winter_wyvern.vmdl,1,1,SSR,2,11321,2,DOTA_HULL_SIZE_SMALL,DOTA_UNIT_CAP_MOVE_GROUND,400,0.5,120,1000,10,1000,2,DOTA_UNIT_CAP_NO_ATTACK,1,1,1.2,0.75,900,125,modifier_courier_fx_ambient_6,,,0,0,DOTA_COMBAT_CLASS_ATTACK_BASIC,DOTA_COMBAT_CLASS_DEFEND_HERO,minimap_creep,0,0,pet,pet_6_1,,,,
pet_7,纯金独角小仙,npc_dota_creature,,models/items/courier/courier_ti9/courier_ti9_lvl7/courier_ti9_lvl7.vmdl,1,1,SSR,,12962,6,DOTA_HULL_SIZE_SMALL,DOTA_UNIT_CAP_MOVE_GROUND,400,0.5,120,1000,10,1000,2,DOTA_UNIT_CAP_NO_ATTACK,1,1,1.2,0.75,900,125,modifier_courier_fx_ambient_7,,,0,0,DOTA_COMBAT_CLASS_ATTACK_BASIC,DOTA_COMBAT_CLASS_DEFEND_HERO,minimap_creep,0,0,pet,pet_7_1,,,,
pet_8,纯金黑曜石小鸟,npc_dota_creature,,models/items/courier/devourling/devourling.vmdl,1,1,SSR,1,11764,1,DOTA_HULL_SIZE_SMALL,DOTA_UNIT_CAP_MOVE_GROUND,400,0.5,120,1000,10,1000,2,DOTA_UNIT_CAP_NO_ATTACK,1,1,1.2,0.75,900,125,modifier_courier_fx_ambient_8,,,0,0,DOTA_COMBAT_CLASS_ATTACK_BASIC,DOTA_COMBAT_CLASS_DEFEND_HERO,minimap_creep,0,0,pet,pet_8_1,,,,
pet_9,纯金末日小子,npc_dota_creature,,models/courier/doom_demihero_courier/doom_demihero_courier.vmdl,1,1,SSR,1,10702,1,DOTA_HULL_SIZE_SMALL,DOTA_UNIT_CAP_MOVE_GROUND,400,0.5,120,1000,10,1000,2,DOTA_UNIT_CAP_NO_ATTACK,1,1,1.2,0.75,900,125,modifier_courier_fx_ambient_9,,,0,0,DOTA_COMBAT_CLASS_ATTACK_BASIC,DOTA_COMBAT_CLASS_DEFEND_HERO,minimap_creep,0,0,pet,pet_9_1,,,,
pet_10,纯金珍小宝,npc_dota_creature,,models/courier/flopjaw/flopjaw.vmdl,1,1,SSR,1,10993,1,DOTA_HULL_SIZE_SMALL,DOTA_UNIT_CAP_MOVE_GROUND,400,0.5,120,1000,10,1000,2,DOTA_UNIT_CAP_NO_ATTACK,1,1,1.2,0.75,900,125,modifier_courier_fx_ambient_10,,,0,0,DOTA_COMBAT_CLASS_ATTACK_BASIC,DOTA_COMBAT_CLASS_DEFEND_HERO,minimap_creep,0,0,pet,pet_10_1,,,,
pet_11,纯金血小魔,npc_dota_creature,,models/courier/seekling/seekling.vmdl,1,1,SSR,1,11740,1,DOTA_HULL_SIZE_SMALL,DOTA_UNIT_CAP_MOVE_GROUND,400,0.5,120,1000,10,1000,2,DOTA_UNIT_CAP_NO_ATTACK,1,1,1.2,0.75,900,125,modifier_courier_fx_ambient_11,,,0,0,DOTA_COMBAT_CLASS_ATTACK_BASIC,DOTA_COMBAT_CLASS_DEFEND_HERO,minimap_creep,0,0,pet,pet_11_1,,,,
pet_12,纯金剧小毒,npc_dota_creature,,models/courier/venoling/venoling.vmdl,1,1,SSR,1,11092,1,DOTA_HULL_SIZE_SMALL,DOTA_UNIT_CAP_MOVE_GROUND,400,0.5,120,1000,10,1000,2,DOTA_UNIT_CAP_NO_ATTACK,1,1,1.2,0.75,900,125,modifier_courier_fx_ambient_12,,,0,0,DOTA_COMBAT_CLASS_ATTACK_BASIC,DOTA_COMBAT_CLASS_DEFEND_HERO,minimap_creep,0,0,pet,pet_12_1,,,,
pet_13,天照小神,npc_dota_creature,,models/items/courier/amaterasu/amaterasu.vmdl,1,1,SR,,17257,,DOTA_HULL_SIZE_SMALL,DOTA_UNIT_CAP_MOVE_GROUND,400,0.5,120,1000,10,1000,2,DOTA_UNIT_CAP_NO_ATTACK,1,1,1.2,0.75,900,125,modifier_courier_fx_ambient_13,,,0,0,DOTA_COMBAT_CLASS_ATTACK_BASIC,DOTA_COMBAT_CLASS_DEFEND_HERO,minimap_creep,0,0,pet,pet_13_1,,,,
pet_14,腥红蝾小螈,npc_dota_creature,,models/items/courier/axolotl/axolotl.vmdl,1,1,SR,2,10920,2,DOTA_HULL_SIZE_SMALL,DOTA_UNIT_CAP_MOVE_GROUND,400,0.5,120,1000,10,1000,2,DOTA_UNIT_CAP_NO_ATTACK,1,1,1.2,0.75,900,125,modifier_courier_fx_ambient_14,,,0,0,DOTA_COMBAT_CLASS_ATTACK_BASIC,DOTA_COMBAT_CLASS_DEFEND_HERO,minimap_creep,0,0,pet,pet_14_1,,,,
pet_15,火焰飞小龙,npc_dota_creature,,models/courier/baby_winter_wyvern/baby_winter_wyvern.vmdl,1,1,SR,1,11321,1,DOTA_HULL_SIZE_SMALL,DOTA_UNIT_CAP_MOVE_GROUND,400,0.5,120,1000,10,1000,2,DOTA_UNIT_CAP_NO_ATTACK,1,1,1.2,0.75,900,125,modifier_courier_fx_ambient_15,,,0,0,DOTA_COMBAT_CLASS_ATTACK_BASIC,DOTA_COMBAT_CLASS_DEFEND_HERO,minimap_creep,0,0,pet,pet_15_1,pet_15_2,,,
pet_16,寒冰飞小龙,npc_dota_creature,,models/courier/baby_winter_wyvern/baby_winter_wyvern.vmdl,1,1,SR,,11321,,DOTA_HULL_SIZE_SMALL,DOTA_UNIT_CAP_MOVE_GROUND,400,0.5,120,1000,10,1000,2,DOTA_UNIT_CAP_NO_ATTACK,1,1,1.2,0.75,900,125,modifier_courier_fx_ambient_16,,,0,0,DOTA_COMBAT_CLASS_ATTACK_BASIC,DOTA_COMBAT_CLASS_DEFEND_HERO,minimap_creep,0,0,pet,pet_16_1,pet_16_2,,,
pet_17,蜚廉,npc_dota_creature,,models/items/courier/fei_lian_blue/fei_lian_blue.vmdl,1,1,SR,1,11143,1,DOTA_HULL_SIZE_SMALL,DOTA_UNIT_CAP_MOVE_GROUND,400,0.5,120,1000,10,1000,2,DOTA_UNIT_CAP_NO_ATTACK,1,1,1.2,0.75,900,125,,,,0,0,DOTA_COMBAT_CLASS_ATTACK_BASIC,DOTA_COMBAT_CLASS_DEFEND_HERO,minimap_creep,0,0,pet,pet_17_1,,,,
pet_18,灵犀弗拉尔,npc_dota_creature,,models/courier/frull/frull_courier.vmdl,1,1,SR,,10527,,DOTA_HULL_SIZE_SMALL,DOTA_UNIT_CAP_MOVE_GROUND,400,0.5,120,1000,10,1000,2,DOTA_UNIT_CAP_NO_ATTACK,1,1,1.2,0.75,900,125,modifier_courier_fx_ambient_18,,,0,0,DOTA_COMBAT_CLASS_ATTACK_BASIC,DOTA_COMBAT_CLASS_DEFEND_HERO,minimap_creep,0,0,pet,pet_18_1,,,,
pet_19,圣盾蟹小蜗,npc_dota_creature,,models/items/courier/hermit_crab/hermit_crab_aegis.vmdl,1,1,SR,,11997,8,DOTA_HULL_SIZE_SMALL,DOTA_UNIT_CAP_MOVE_GROUND,400,0.5,120,1000,10,1000,2,DOTA_UNIT_CAP_NO_ATTACK,1,1,1.2,0.75,900,125,modifier_courier_fx_ambient_19,,,0,0,DOTA_COMBAT_CLASS_ATTACK_BASIC,DOTA_COMBAT_CLASS_DEFEND_HERO,minimap_creep,0,0,pet,pet_19_1,,,,
pet_20,苦木独小苗,npc_dota_creature,,models/items/courier/little_sappling_style1/little_sappling_style1.vmdl,1,1,SR,3,11965,3,DOTA_HULL_SIZE_SMALL,DOTA_UNIT_CAP_MOVE_GROUND,400,0.5,120,1000,10,1000,2,DOTA_UNIT_CAP_NO_ATTACK,1,1,1.2,0.75,900,125,modifier_courier_fx_ambient_20,,,0,0,DOTA_COMBAT_CLASS_ATTACK_BASIC,DOTA_COMBAT_CLASS_DEFEND_HERO,minimap_creep,0,0,pet,pet_20_1,,,,
pet_21,战龟飞船,npc_dota_creature,,models/items/courier/nexon_turtle_15_red/nexon_turtle_15_red.vmdl,1,1,SR,,10918,15,DOTA_HULL_SIZE_SMALL,DOTA_UNIT_CAP_MOVE_GROUND,400,0.5,120,1000,10,1000,2,DOTA_UNIT_CAP_NO_ATTACK,1,1,1.2,0.75,900,125,modifier_courier_fx_ambient_21,,,0,0,DOTA_COMBAT_CLASS_ATTACK_BASIC,DOTA_COMBAT_CLASS_DEFEND_HERO,minimap_creep,0,0,pet,pet_21_1,,,,
pet_22,年小兽,npc_dota_creature,ai/ai_pet_22.lua,models/items/courier/nian_courier/nian_courier.vmdl,1,1,SR,,12919,,DOTA_HULL_SIZE_SMALL,DOTA_UNIT_CAP_MOVE_GROUND,400,0.5,120,1000,10,1000,2,DOTA_UNIT_CAP_NO_ATTACK,1,1,1.2,0.75,900,125,modifier_courier_fx_ambient_22,,,0,0,DOTA_COMBAT_CLASS_ATTACK_BASIC,DOTA_COMBAT_CLASS_DEFEND_HERO,minimap_creep,0,0,pet,pet_22_1,pet_22_2,pet_22_3,pet_22_4,
pet_23,地狗天猫,npc_dota_creature,,models/items/courier/shibe_dog_cat/shibe_dog_cat.vmdl,1,1,SR,,11368,,DOTA_HULL_SIZE_SMALL,DOTA_UNIT_CAP_MOVE_GROUND,400,0.5,120,1000,10,1000,2,DOTA_UNIT_CAP_NO_ATTACK,1,1,1.2,0.75,900,125,modifier_courier_fx_ambient_23,,,0,0,DOTA_COMBAT_CLASS_ATTACK_BASIC,DOTA_COMBAT_CLASS_DEFEND_HERO,minimap_creep,0,0,pet,pet_23_1,,,,
pet_24,小飞侠,npc_dota_creature,,models/items/courier/wabbit_the_mighty_courier_of_heroes/wabbit_the_mighty_courier_of_heroes.vmdl,1,1,SR,3,11899,3,DOTA_HULL_SIZE_SMALL,DOTA_UNIT_CAP_MOVE_GROUND,400,0.5,120,1000,10,1000,2,DOTA_UNIT_CAP_NO_ATTACK,1,1,1.2,0.75,900,125,modifier_courier_fx_ambient_24,,,0,0,DOTA_COMBAT_CLASS_ATTACK_BASIC,DOTA_COMBAT_CLASS_DEFEND_HERO,minimap_creep,0,0,pet,pet_24_1,,,,
pet_25,飞掠之翼,npc_dota_creature,,models/items/courier/atrophic_skitterwing/atrophic_skitterwing.vmdl,1,1,R,,11553,,DOTA_HULL_SIZE_SMALL,DOTA_UNIT_CAP_MOVE_GROUND,400,0.5,120,1000,10,1000,2,DOTA_UNIT_CAP_NO_ATTACK,1,1,1.2,0.75,900,125,,,,0,0,DOTA_COMBAT_CLASS_ATTACK_BASIC,DOTA_COMBAT_CLASS_DEFEND_HERO,minimap_creep,0,0,pet,pet_25_1,,,,
pet_26,蔚蓝小龙,npc_dota_creature,,models/items/courier/azuremircourierfinal/azuremircourierfinal.vmdl,1,1,R,,10338,,DOTA_HULL_SIZE_SMALL,DOTA_UNIT_CAP_MOVE_GROUND,400,0.5,120,1000,10,1000,2,DOTA_UNIT_CAP_NO_ATTACK,1,1,1.2,0.75,900,125,,,,0,0,DOTA_COMBAT_CLASS_ATTACK_BASIC,DOTA_COMBAT_CLASS_DEFEND_HERO,minimap_creep,0,0,pet,pet_26_1,,,,
pet_27,白小虎,npc_dota_creature,,models/items/courier/baekho/baekho.vmdl,1,1,R,,10347,,DOTA_HULL_SIZE_SMALL,DOTA_UNIT_CAP_MOVE_GROUND,400,0.5,120,1000,10,1000,2,DOTA_UNIT_CAP_NO_ATTACK,1,1,1.2,0.75,900,125,modifier_courier_fx_ambient_27,,,0,0,DOTA_COMBAT_CLASS_ATTACK_BASIC,DOTA_COMBAT_CLASS_DEFEND_HERO,minimap_creep,0,0,pet,pet_27_1,,,,
pet_28,八小戒,npc_dota_creature,,models/items/courier/bajie_pig/bajie_pig.vmdl,1,1,R,1,11111,,DOTA_HULL_SIZE_SMALL,DOTA_UNIT_CAP_MOVE_GROUND,400,0.5,120,1000,10,1000,2,DOTA_UNIT_CAP_NO_ATTACK,1,1,1.2,0.75,900,125,,,,0,0,DOTA_COMBAT_CLASS_ATTACK_BASIC,DOTA_COMBAT_CLASS_DEFEND_HERO,minimap_creep,0,0,pet,pet_28_1,,,,
pet_29,海狸勇士,npc_dota_creature,,models/items/courier/beaverknight_s2/beaverknight_s2.vmdl,1,1,R,,10524,2,DOTA_HULL_SIZE_SMALL,DOTA_UNIT_CAP_MOVE_GROUND,400,0.5,120,1000,10,1000,2,DOTA_UNIT_CAP_NO_ATTACK,1,1,1.2,0.75,900,125,,,,0,0,DOTA_COMBAT_CLASS_ATTACK_BASIC,DOTA_COMBAT_CLASS_DEFEND_HERO,minimap_creep,0,0,pet,pet_29_1,,,,
pet_30,老绅士,npc_dota_creature,,models/items/courier/blotto_and_stick/blotto.vmdl,1,1,R,,10297,,DOTA_HULL_SIZE_SMALL,DOTA_UNIT_CAP_MOVE_GROUND,400,0.5,120,1000,10,1000,2,DOTA_UNIT_CAP_NO_ATTACK,1,1,1.2,0.75,900,125,,,,0,0,DOTA_COMBAT_CLASS_ATTACK_BASIC,DOTA_COMBAT_CLASS_DEFEND_HERO,minimap_creep,0,0,pet,pet_30_1,,,,
pet_31,伐士奇,npc_dota_creature,,models/items/courier/boris_baumhauer/boris_baumhauer.vmdl,1,1,R,,10360,,DOTA_HULL_SIZE_SMALL,DOTA_UNIT_CAP_MOVE_GROUND,400,0.5,120,1000,10,1000,2,DOTA_UNIT_CAP_NO_ATTACK,1,1,1.2,0.75,900,125,,,,0,0,DOTA_COMBAT_CLASS_ATTACK_BASIC,DOTA_COMBAT_CLASS_DEFEND_HERO,minimap_creep,0,0,pet,pet_31_1,,,,
pet_32,勇士欢欢,npc_dota_creature,,models/items/courier/coco_the_courageous/coco_the_courageous.vmdl,1,1,R,,10375,,DOTA_HULL_SIZE_SMALL,DOTA_UNIT_CAP_MOVE_GROUND,400,0.5,120,1000,10,1000,2,DOTA_UNIT_CAP_NO_ATTACK,1,1,1.2,0.75,900,125,,,,0,0,DOTA_COMBAT_CLASS_ATTACK_BASIC,DOTA_COMBAT_CLASS_DEFEND_HERO,minimap_creep,0,0,pet,pet_32_1,,,,
pet_33,丛林羊人,npc_dota_creature,,models/items/courier/courier_faun/courier_faun.vmdl,1,1,R,,10404,,DOTA_HULL_SIZE_SMALL,DOTA_UNIT_CAP_MOVE_GROUND,400,0.5,120,1000,10,1000,2,DOTA_UNIT_CAP_NO_ATTACK,1,1,1.2,0.75,900,125,,,,0,0,DOTA_COMBAT_CLASS_ATTACK_BASIC,DOTA_COMBAT_CLASS_DEFEND_HERO,minimap_creep,0,0,pet,pet_33_1,,,,
pet_34,三只小驴,npc_dota_creature,,models/courier/donkey_trio/mesh/donkey_trio.vmdl,1,1,R,,11542,,DOTA_HULL_SIZE_SMALL,DOTA_UNIT_CAP_MOVE_GROUND,400,0.5,120,1000,10,1000,2,DOTA_UNIT_CAP_NO_ATTACK,1,1,1.2,0.75,900,125,,,,0,0,DOTA_COMBAT_CLASS_ATTACK_BASIC,DOTA_COMBAT_CLASS_DEFEND_HERO,minimap_creep,0,0,pet,pet_34_1,,,,
pet_35,神猫侠,npc_dota_creature,,models/items/courier/el_gato_beyond_the_summit/el_gato_beyond_the_summit.vmdl,1,1,R,,10194,,DOTA_HULL_SIZE_SMALL,DOTA_UNIT_CAP_MOVE_GROUND,400,0.5,120,1000,10,1000,2,DOTA_UNIT_CAP_NO_ATTACK,1,1,1.2,0.75,900,125,,,,0,0,DOTA_COMBAT_CLASS_ATTACK_BASIC,DOTA_COMBAT_CLASS_DEFEND_HERO,minimap_creep,0,0,pet,pet_35_1,,,,
pet_36,胜利记录机,npc_dota_creature,,models/courier/f2p_courier/f2p_courier.vmdl,1,1,R,,10424,,DOTA_HULL_SIZE_SMALL,DOTA_UNIT_CAP_MOVE_GROUND,400,0.5,120,1000,10,1000,2,DOTA_UNIT_CAP_NO_ATTACK,1,1,1.2,0.75,900,125,modifier_courier_fx_ambient_36,,,0,0,DOTA_COMBAT_CLASS_ATTACK_BASIC,DOTA_COMBAT_CLASS_DEFEND_HERO,minimap_creep,0,0,pet,pet_36_1,,,,
pet_37,虚空小霸王,npc_dota_creature,,models/items/courier/faceless_rex/faceless_rex.vmdl,1,1,R,,10919,,DOTA_HULL_SIZE_SMALL,DOTA_UNIT_CAP_MOVE_GROUND,400,0.5,120,1000,10,1000,2,DOTA_UNIT_CAP_NO_ATTACK,1,1,1.2,0.75,900,125,modifier_courier_fx_ambient_37,,,0,0,DOTA_COMBAT_CLASS_ATTACK_BASIC,DOTA_COMBAT_CLASS_DEFEND_HERO,minimap_creep,0,0,pet,pet_37_1,pet_37_2,,,
pet_38,章鱼斯派罗,npc_dota_creature,,models/items/courier/g1_courier/g1_courier.vmdl,1,1,R,,10170,,DOTA_HULL_SIZE_SMALL,DOTA_UNIT_CAP_MOVE_GROUND,400,0.5,120,1000,10,1000,2,DOTA_UNIT_CAP_NO_ATTACK,1,1,1.2,0.75,900,125,modifier_courier_fx_ambient_38,,,0,0,DOTA_COMBAT_CLASS_ATTACK_BASIC,DOTA_COMBAT_CLASS_DEFEND_HERO,minimap_creep,0,0,pet,pet_38_1,,,,
pet_39,抬轿兄弟,npc_dota_creature,,models/items/courier/gama_brothers/gama_brothers.vmdl,1,1,R,,10389,,DOTA_HULL_SIZE_SMALL,DOTA_UNIT_CAP_MOVE_GROUND,400,0.5,120,1000,10,1000,2,DOTA_UNIT_CAP_NO_ATTACK,1,1,1.2,0.75,900,125,,,,0,0,DOTA_COMBAT_CLASS_ATTACK_BASIC,DOTA_COMBAT_CLASS_DEFEND_HERO,minimap_creep,0,0,pet,pet_39_1,,,,
pet_40,丰豚公主,npc_dota_creature,,models/items/courier/gnomepig/gnomepig.vmdl,1,1,R,,10163,,DOTA_HULL_SIZE_SMALL,DOTA_UNIT_CAP_MOVE_GROUND,400,0.5,120,1000,10,1000,2,DOTA_UNIT_CAP_NO_ATTACK,1,1,1.2,0.75,900,125,,,,0,0,DOTA_COMBAT_CLASS_ATTACK_BASIC,DOTA_COMBAT_CLASS_DEFEND_HERO,minimap_creep,0,0,pet,pet_40_1,,,,
pet_41,碧云霞,npc_dota_creature,,models/courier/godhorse/godhorse.vmdl,1,1,R,,10415,,DOTA_HULL_SIZE_SMALL,DOTA_UNIT_CAP_MOVE_GROUND,400,0.5,120,1000,10,1000,2,DOTA_UNIT_CAP_NO_ATTACK,1,1,1.2,0.75,900,125,modifier_courier_fx_ambient_41,,,0,0,DOTA_COMBAT_CLASS_ATTACK_BASIC,DOTA_COMBAT_CLASS_DEFEND_HERO,minimap_creep,0,0,pet,pet_41_1,,,,
pet_42,小龙尤涅克斯,npc_dota_creature,,models/items/courier/ig_dragon/ig_dragon.vmdl,1,1,R,,10193,,DOTA_HULL_SIZE_SMALL,DOTA_UNIT_CAP_MOVE_GROUND,400,0.5,120,1000,10,1000,2,DOTA_UNIT_CAP_NO_ATTACK,1,1,1.2,0.75,900,125,,,,0,0,DOTA_COMBAT_CLASS_ATTACK_BASIC,DOTA_COMBAT_CLASS_DEFEND_HERO,minimap_creep,0,0,pet,pet_42_1,,,,
pet_43,狐灵小银,npc_dota_creature,,models/items/courier/jin_yin_white_fox/jin_yin_white_fox.vmdl,1,1,R,,10703,,DOTA_HULL_SIZE_SMALL,DOTA_UNIT_CAP_MOVE_GROUND,400,0.5,120,1000,10,1000,2,DOTA_UNIT_CAP_NO_ATTACK,1,1,1.2,0.75,900,125,,,,0,0,DOTA_COMBAT_CLASS_ATTACK_BASIC,DOTA_COMBAT_CLASS_DEFEND_HERO,minimap_creep,0,0,pet,pet_43_1,,,,
pet_44,金鱼萌萌,npc_dota_creature,ai/ai_pet_44.lua,models/items/courier/lgd_golden_skipper/lgd_golden_skipper.vmdl,1,1,R,,10314,,DOTA_HULL_SIZE_SMALL,DOTA_UNIT_CAP_MOVE_GROUND,400,0.5,120,1000,10,1000,2,DOTA_UNIT_CAP_NO_ATTACK,1,1,1.2,0.75,900,125,modifier_courier_fx_ambient_44,,,0,0,DOTA_COMBAT_CLASS_ATTACK_BASIC,DOTA_COMBAT_CLASS_DEFEND_HERO,minimap_creep,0,0,pet,pet_44_1,,,,
pet_45,骑蟹小恶魔,npc_dota_creature,,models/courier/smeevil_crab/smeevil_crab.vmdl,1,1,R,1,10174,7,DOTA_HULL_SIZE_SMALL,DOTA_UNIT_CAP_MOVE_GROUND,400,0.5,120,1000,10,1000,2,DOTA_UNIT_CAP_NO_ATTACK,1,1,1.2,0.75,900,125,modifier_courier_fx_ambient_45,,,0,0,DOTA_COMBAT_CLASS_ATTACK_BASIC,DOTA_COMBAT_CLASS_DEFEND_HERO,minimap_creep,0,0,pet,pet_45_1,,,,
pet_46,诡笑邪灵,npc_dota_creature,,models/items/courier/mlg_courier_wraith/mlg_courier_wraith.vmdl,1,1,R,,11192,,DOTA_HULL_SIZE_SMALL,DOTA_UNIT_CAP_MOVE_GROUND,400,0.5,120,1000,10,1000,2,DOTA_UNIT_CAP_NO_ATTACK,1,1,1.2,0.75,900,125,,,,0,0,DOTA_COMBAT_CLASS_ATTACK_BASIC,DOTA_COMBAT_CLASS_DEFEND_HERO,minimap_creep,0,0,pet,pet_46_1,,,,
pet_47,章鱼保罗,npc_dota_creature,,models/courier/octopus/octopus.vmdl,1,1,R,,10693,,DOTA_HULL_SIZE_SMALL,DOTA_UNIT_CAP_MOVE_GROUND,400,0.5,120,1000,10,1000,2,DOTA_UNIT_CAP_NO_ATTACK,1,1,1.2,0.75,900,125,modifier_courier_fx_ambient_47,,,0,0,DOTA_COMBAT_CLASS_ATTACK_BASIC,DOTA_COMBAT_CLASS_DEFEND_HERO,minimap_creep,0,0,pet,pet_47_1,,,,
pet_48,侍卫波利,npc_dota_creature,,models/items/courier/pangolier_squire/pangolier_squire.vmdl,1,1,R,,11469,,DOTA_HULL_SIZE_SMALL,DOTA_UNIT_CAP_MOVE_GROUND,400,0.5,120,1000,10,1000,2,DOTA_UNIT_CAP_NO_ATTACK,1,1,1.2,0.75,900,125,modifier_courier_fx_ambient_48,,,0,0,DOTA_COMBAT_CLASS_ATTACK_BASIC,DOTA_COMBAT_CLASS_DEFEND_HERO,minimap_creep,0,0,pet,pet_48_1,,,,
pet_49,飞僵小宝,npc_dota_creature,,models/items/courier/pw_zombie/pw_zombie.vmdl,1,1,R,,10456,,DOTA_HULL_SIZE_SMALL,DOTA_UNIT_CAP_MOVE_GROUND,400,0.5,120,1000,10,1000,2,DOTA_UNIT_CAP_NO_ATTACK,1,1,1.2,0.75,900,125,modifier_courier_fx_ambient_49,,,0,0,DOTA_COMBAT_CLASS_ATTACK_BASIC,DOTA_COMBAT_CLASS_DEFEND_HERO,minimap_creep,0,0,pet,pet_49_1,,,,
pet_50,雷克,npc_dota_creature,,models/items/courier/raiq/raiq.vmdl,1,1,R,,10551,,DOTA_HULL_SIZE_SMALL,DOTA_UNIT_CAP_MOVE_GROUND,400,0.5,120,1000,10,1000,2,DOTA_UNIT_CAP_NO_ATTACK,1,1,1.2,0.75,900,125,,,,0,0,DOTA_COMBAT_CLASS_ATTACK_BASIC,DOTA_COMBAT_CLASS_DEFEND_HERO,minimap_creep,0,0,pet,pet_50_1,,,,
pet_51,皇家小狮鹫,npc_dota_creature,,models/items/courier/royal_griffin_cub/royal_griffin_cub.vmdl,1,1,R,,10599,,DOTA_HULL_SIZE_SMALL,DOTA_UNIT_CAP_MOVE_GROUND,400,0.5,120,1000,10,1000,2,DOTA_UNIT_CAP_NO_ATTACK,1,1,1.2,0.75,900,125,,,,0,0,DOTA_COMBAT_CLASS_ATTACK_BASIC,DOTA_COMBAT_CLASS_DEFEND_HERO,minimap_creep,0,0,pet,pet_51_1,,,,
pet_52,胡小桃,npc_dota_creature,,models/items/courier/shagbark/shagbark.vmdl,1,1,R,,10192,,DOTA_HULL_SIZE_SMALL,DOTA_UNIT_CAP_MOVE_GROUND,400,0.5,120,1000,10,1000,2,DOTA_UNIT_CAP_NO_ATTACK,1,1,1.2,0.75,900,125,modifier_courier_fx_ambient_52,,,0,0,DOTA_COMBAT_CLASS_ATTACK_BASIC,DOTA_COMBAT_CLASS_DEFEND_HERO,minimap_creep,0,0,pet,pet_52_1,,,,
pet_53,小蘑菇,npc_dota_creature,,models/items/courier/shroomy/shroomy.vmdl,1,1,R,,10433,,DOTA_HULL_SIZE_SMALL,DOTA_UNIT_CAP_MOVE_GROUND,400,0.5,120,1000,10,1000,2,DOTA_UNIT_CAP_NO_ATTACK,1,1,1.2,0.75,900,125,,,,0,0,DOTA_COMBAT_CLASS_ATTACK_BASIC,DOTA_COMBAT_CLASS_DEFEND_HERO,minimap_creep,0,0,pet,pet_53_1,,,,
pet_54,鹦鹉副将,npc_dota_creature,,models/courier/skippy_parrot/skippy_parrot.vmdl,1,1,R,,10450,,DOTA_HULL_SIZE_SMALL,DOTA_UNIT_CAP_MOVE_GROUND,400,0.5,120,1000,10,1000,2,DOTA_UNIT_CAP_NO_ATTACK,1,1,1.2,0.75,900,125,modifier_courier_fx_ambient_54,,,0,0,DOTA_COMBAT_CLASS_ATTACK_BASIC,DOTA_COMBAT_CLASS_DEFEND_HERO,minimap_creep,0,0,pet,pet_54_1,,,,
pet_55,骑鸟小恶魔,npc_dota_creature,,models/courier/smeevil_bird/smeevil_bird.vmdl,1,1,R,,10174,,DOTA_HULL_SIZE_SMALL,DOTA_UNIT_CAP_MOVE_GROUND,400,0.5,120,1000,10,1000,2,DOTA_UNIT_CAP_NO_ATTACK,1,1,1.2,0.75,900,125,modifier_courier_fx_ambient_55,,,0,0,DOTA_COMBAT_CLASS_ATTACK_BASIC,DOTA_COMBAT_CLASS_DEFEND_HERO,minimap_creep,0,0,pet,pet_55_1,,,,
pet_56,骑象小恶魔,npc_dota_creature,,models/courier/smeevil_mammoth/smeevil_mammoth.vmdl,1,1,R,,10174,,DOTA_HULL_SIZE_SMALL,DOTA_UNIT_CAP_MOVE_GROUND,400,0.5,120,1000,10,1000,2,DOTA_UNIT_CAP_NO_ATTACK,1,1,1.2,0.75,900,125,modifier_courier_fx_ambient_56,,,0,0,DOTA_COMBAT_CLASS_ATTACK_BASIC,DOTA_COMBAT_CLASS_DEFEND_HERO,minimap_creep,0,0,pet,pet_56_1,,,,
pet_57,地狱双头汪,npc_dota_creature,,models/items/courier/starladder_grillhound/starladder_grillhound.vmdl,1,1,R,,10159,,DOTA_HULL_SIZE_SMALL,DOTA_UNIT_CAP_MOVE_GROUND,400,0.5,120,1000,10,1000,2,DOTA_UNIT_CAP_NO_ATTACK,1,1,1.2,0.75,900,125,,,,0,0,DOTA_COMBAT_CLASS_ATTACK_BASIC,DOTA_COMBAT_CLASS_DEFEND_HERO,minimap_creep,0,0,pet,pet_57_1,,,,
pet_58,金虺翠莺,npc_dota_creature,,models/items/courier/serpent_warbler/serpent_warbler.vmdl,1,1,R,,11382,,DOTA_HULL_SIZE_SMALL,DOTA_UNIT_CAP_MOVE_GROUND,400,0.5,120,1000,10,1000,2,DOTA_UNIT_CAP_NO_ATTACK,1,1,1.2,0.75,900,125,,,,0,0,DOTA_COMBAT_CLASS_ATTACK_BASIC,DOTA_COMBAT_CLASS_DEFEND_HERO,minimap_creep,0,0,pet,pet_58_1,,,,
pet_59,小石人瓦尔,npc_dota_creature,,models/items/courier/vaal_the_animated_constructradiant/vaal_the_animated_constructradiant.vmdl,1,1,R,,10395,,DOTA_HULL_SIZE_SMALL,DOTA_UNIT_CAP_MOVE_GROUND,400,0.5,120,1000,10,1000,2,DOTA_UNIT_CAP_NO_ATTACK,1,1,1.2,0.75,900,125,,,,0,0,DOTA_COMBAT_CLASS_ATTACK_BASIC,DOTA_COMBAT_CLASS_DEFEND_HERO,minimap_creep,0,0,pet,pet_59_1,,,,
pet_60,小熊人,npc_dota_creature,,models/items/courier/virtus_werebear_t3/virtus_werebear_t3.vmdl,1,1,R,,10737,,DOTA_HULL_SIZE_SMALL,DOTA_UNIT_CAP_MOVE_GROUND,400,0.5,120,1000,10,1000,2,DOTA_UNIT_CAP_NO_ATTACK,1,1,1.2,0.75,900,125,,,,0,0,DOTA_COMBAT_CLASS_ATTACK_BASIC,DOTA_COMBAT_CLASS_DEFEND_HERO,minimap_creep,0,0,pet,pet_60_1,,,,
pet_61,小仙鹤,npc_dota_creature,,models/items/courier/xianhe_stork/xianhe_stork.vmdl,1,1,R,1,10938,1,DOTA_HULL_SIZE_SMALL,DOTA_UNIT_CAP_MOVE_GROUND,400,0.5,120,1000,10,1000,2,DOTA_UNIT_CAP_NO_ATTACK,1,1,1.2,0.75,900,125,modifier_courier_fx_ambient_61,,,0,0,DOTA_COMBAT_CLASS_ATTACK_BASIC,DOTA_COMBAT_CLASS_DEFEND_HERO,minimap_creep,0,0,pet,pet_61_1,,,,
pet_62,铂金肉山宝宝,npc_dota_creature,,models/courier/baby_rosh/babyroshan.vmdl,1,1,SSR,2,10374,,DOTA_HULL_SIZE_SMALL,DOTA_UNIT_CAP_MOVE_GROUND,400,0.5,120,1000,10,1000,2,DOTA_UNIT_CAP_NO_ATTACK,1,1,1.2,0.75,900,125,modifier_courier_fx_ambient_62,,,0,0,DOTA_COMBAT_CLASS_ATTACK_BASIC,DOTA_COMBAT_CLASS_DEFEND_HERO,minimap_creep,0,0,pet,pet_62_1,,,,
pet_63,神小兔,npc_dota_creature,,models/items/courier/arneyb_rabbit/arneyb_rabbit.vmdl,1,1,N,,10318,,DOTA_HULL_SIZE_SMALL,DOTA_UNIT_CAP_MOVE_GROUND,400,0.5,120,1000,10,1000,2,DOTA_UNIT_CAP_NO_ATTACK,1,1,1.2,0.75,900,125,,,,0,0,DOTA_COMBAT_CLASS_ATTACK_BASIC,DOTA_COMBAT_CLASS_DEFEND_HERO,minimap_creep,0,0,pet,pet_63_1,,,,
pet_64,蝾小螈,npc_dota_creature,,models/items/courier/axolotl/axolotl.vmdl,1,1,N,,10920,,DOTA_HULL_SIZE_SMALL,DOTA_UNIT_CAP_MOVE_GROUND,400,0.5,120,1000,10,1000,2,DOTA_UNIT_CAP_NO_ATTACK,1,1,1.2,0.75,900,125,,,,0,0,DOTA_COMBAT_CLASS_ATTACK_BASIC,DOTA_COMBAT_CLASS_DEFEND_HERO,minimap_creep,0,0,pet,pet_64_1,,,,
pet_65,蓝电小马,npc_dota_creature,,models/items/courier/blue_lightning_horse/blue_lightning_horse.vmdl,1,1,N,,10434,,DOTA_HULL_SIZE_SMALL,DOTA_UNIT_CAP_MOVE_GROUND,400,0.5,120,1000,10,1000,2,DOTA_UNIT_CAP_NO_ATTACK,1,1,1.2,0.75,900,125,,,,0,0,DOTA_COMBAT_CLASS_ATTACK_BASIC,DOTA_COMBAT_CLASS_DEFEND_HERO,minimap_creep,0,0,pet,pet_65_1,,,,
pet_66,毛毛鱼,npc_dota_creature,,models/items/courier/coral_furryfish/coral_furryfish.vmdl,1,1,N,,11383,,DOTA_HULL_SIZE_SMALL,DOTA_UNIT_CAP_MOVE_GROUND,400,0.5,120,1000,10,1000,2,DOTA_UNIT_CAP_NO_ATTACK,1,1,1.2,0.75,900,125,,,,0,0,DOTA_COMBAT_CLASS_ATTACK_BASIC,DOTA_COMBAT_CLASS_DEFEND_HERO,minimap_creep,0,0,pet,pet_66_1,,,,
pet_67,臭鼬香香,npc_dota_creature,,models/courier/badger/courier_badger.vmdl,1,1,N,,10012,,DOTA_HULL_SIZE_SMALL,DOTA_UNIT_CAP_MOVE_GROUND,400,0.5,120,1000,10,1000,2,DOTA_UNIT_CAP_NO_ATTACK,1,1,1.2,0.75,900,125,,,,0,0,DOTA_COMBAT_CLASS_ATTACK_BASIC,DOTA_COMBAT_CLASS_DEFEND_HERO,minimap_creep,0,0,pet,pet_67_1,,,,
pet_68,榛榛,npc_dota_creature,,models/items/courier/courier_janjou/courier_janjou.vmdl,1,1,N,,10435,,DOTA_HULL_SIZE_SMALL,DOTA_UNIT_CAP_MOVE_GROUND,400,0.5,120,1000,10,1000,2,DOTA_UNIT_CAP_NO_ATTACK,1,1,1.2,0.75,900,125,,,,0,0,DOTA_COMBAT_CLASS_ATTACK_BASIC,DOTA_COMBAT_CLASS_DEFEND_HERO,minimap_creep,0,0,pet,pet_68_1,,,,
pet_69,变色龙蝶,npc_dota_creature,,models/items/courier/defense4_radiant/defense4_radiant.vmdl,1,1,N,,10200,,DOTA_HULL_SIZE_SMALL,DOTA_UNIT_CAP_MOVE_GROUND,400,0.5,120,1000,10,1000,2,DOTA_UNIT_CAP_NO_ATTACK,1,1,1.2,0.75,900,125,,,,0,0,DOTA_COMBAT_CLASS_ATTACK_BASIC,DOTA_COMBAT_CLASS_DEFEND_HERO,minimap_creep,0,0,pet,pet_69_1,,,,
pet_70,快递青蛙跳跳,npc_dota_creature,,models/courier/frog/frog.vmdl,1,1,N,,10028,,DOTA_HULL_SIZE_SMALL,DOTA_UNIT_CAP_MOVE_GROUND,400,0.5,120,1000,10,1000,2,DOTA_UNIT_CAP_NO_ATTACK,1,1,1.2,0.75,900,125,,,,0,0,DOTA_COMBAT_CLASS_ATTACK_BASIC,DOTA_COMBAT_CLASS_DEFEND_HERO,minimap_creep,0,0,pet,pet_70_1,,,,
pet_71,狂奔小恶魔,npc_dota_creature,,models/courier/imp/imp.vmdl,1,1,N,,10027,,DOTA_HULL_SIZE_SMALL,DOTA_UNIT_CAP_MOVE_GROUND,400,0.5,120,1000,10,1000,2,DOTA_UNIT_CAP_NO_ATTACK,1,1,1.2,0.75,900,125,,,,0,0,DOTA_COMBAT_CLASS_ATTACK_BASIC,DOTA_COMBAT_CLASS_DEFEND_HERO,minimap_creep,0,0,pet,pet_71_1,,,,
pet_72,萌蛛,npc_dota_creature,,models/items/courier/itsy/itsy.vmdl,1,1,N,,10195,,DOTA_HULL_SIZE_SMALL,DOTA_UNIT_CAP_MOVE_GROUND,400,0.5,120,1000,10,1000,2,DOTA_UNIT_CAP_NO_ATTACK,1,1,1.2,0.75,900,125,,,,0,0,DOTA_COMBAT_CLASS_ATTACK_BASIC,DOTA_COMBAT_CLASS_DEFEND_HERO,minimap_creep,0,0,pet,pet_72_1,,,,
pet_73,机灵本,npc_dota_creature,,models/items/courier/jilling_ben_courier/jilling_ben_courier.vmdl,1,1,N,,10162,,DOTA_HULL_SIZE_SMALL,DOTA_UNIT_CAP_MOVE_GROUND,400,0.5,120,1000,10,1000,2,DOTA_UNIT_CAP_NO_ATTACK,1,1,1.2,0.75,900,125,,,,0,0,DOTA_COMBAT_CLASS_ATTACK_BASIC,DOTA_COMBAT_CLASS_DEFEND_HERO,minimap_creep,0,0,pet,pet_73_1,,,,
pet_74,小鲨鱼,npc_dota_creature,,models/items/courier/kanyu_shark/kanyu_shark.vmdl,1,1,N,,10896,,DOTA_HULL_SIZE_SMALL,DOTA_UNIT_CAP_MOVE_GROUND,400,0.5,120,1000,10,1000,2,DOTA_UNIT_CAP_NO_ATTACK,1,1,1.2,0.75,900,125,,,,0,0,DOTA_COMBAT_CLASS_ATTACK_BASIC,DOTA_COMBAT_CLASS_DEFEND_HERO,minimap_creep,0,0,pet,pet_74_1,,,,
pet_75,草泥小马,npc_dota_creature,,models/items/courier/livery_llama_courier/livery_llama_courier.vmdl,1,1,N,,10171,,DOTA_HULL_SIZE_SMALL,DOTA_UNIT_CAP_MOVE_GROUND,400,0.5,120,1000,10,1000,2,DOTA_UNIT_CAP_NO_ATTACK,1,1,1.2,0.75,900,125,,,,0,0,DOTA_COMBAT_CLASS_ATTACK_BASIC,DOTA_COMBAT_CLASS_DEFEND_HERO,minimap_creep,0,0,pet,pet_75_1,,,,
pet_76,钢小驴,npc_dota_creature,,models/courier/mech_donkey/mech_donkey.vmdl,1,1,N,,11400,,DOTA_HULL_SIZE_SMALL,DOTA_UNIT_CAP_MOVE_GROUND,400,0.5,120,1000,10,1000,2,DOTA_UNIT_CAP_NO_ATTACK,1,1,1.2,0.75,900,125,modifier_courier_fx_ambient_76,,,0,0,DOTA_COMBAT_CLASS_ATTACK_BASIC,DOTA_COMBAT_CLASS_DEFEND_HERO,minimap_creep,0,0,pet,pet_76_1,,,,
pet_77,玉兔美萱,npc_dota_creature,,models/items/courier/mei_nei_rabbit/mei_nei_rabbit.vmdl,1,1,N,,10834,,DOTA_HULL_SIZE_SMALL,DOTA_UNIT_CAP_MOVE_GROUND,400,0.5,120,1000,10,1000,2,DOTA_UNIT_CAP_NO_ATTACK,1,1,1.2,0.75,900,125,,,,0,0,DOTA_COMBAT_CLASS_ATTACK_BASIC,DOTA_COMBAT_CLASS_DEFEND_HERO,minimap_creep,0,0,pet,pet_77_1,,,,
pet_78,矿车鼠,npc_dota_creature,,models/items/courier/mole_messenger/mole_messenger.vmdl,1,1,N,,12191,,DOTA_HULL_SIZE_SMALL,DOTA_UNIT_CAP_MOVE_GROUND,400,0.5,120,1000,10,1000,2,DOTA_UNIT_CAP_NO_ATTACK,1,1,1.2,0.75,900,125,,,,0,0,DOTA_COMBAT_CLASS_ATTACK_BASIC,DOTA_COMBAT_CLASS_DEFEND_HERO,minimap_creep,0,0,pet,pet_78_1,,,,
pet_79,奥比幽灵,npc_dota_creature,,models/items/courier/onibi_lvl_00/onibi_lvl_00.vmdl,1,1,N,,11461,,DOTA_HULL_SIZE_SMALL,DOTA_UNIT_CAP_MOVE_GROUND,400,0.5,120,1000,10,1000,2,DOTA_UNIT_CAP_NO_ATTACK,1,1,1.2,0.75,900,125,modifier_courier_fx_ambient_79,,,0,0,DOTA_COMBAT_CLASS_ATTACK_BASIC,DOTA_COMBAT_CLASS_DEFEND_HERO,minimap_creep,0,0,pet,pet_79_1,,,,
pet_80,旗龟,npc_dota_creature,,models/items/courier/raidcall_ems_one_turtle/raidcall_ems_one_turtle.vmdl,1,1,N,,10313,,DOTA_HULL_SIZE_SMALL,DOTA_UNIT_CAP_MOVE_GROUND,400,0.5,120,1000,10,1000,2,DOTA_UNIT_CAP_NO_ATTACK,1,1,1.2,0.75,900,125,,,,0,0,DOTA_COMBAT_CLASS_ATTACK_BASIC,DOTA_COMBAT_CLASS_DEFEND_HERO,minimap_creep,0,0,pet,pet_80_1,,,,
pet_81,七彩亚龙,npc_dota_creature,,models/courier/sillydragon/sillydragon.vmdl,1,1,N,,10133,,DOTA_HULL_SIZE_SMALL,DOTA_UNIT_CAP_MOVE_GROUND,400,0.5,120,1000,10,1000,2,DOTA_UNIT_CAP_NO_ATTACK,1,1,1.2,0.75,900,125,,,,0,0,DOTA_COMBAT_CLASS_ATTACK_BASIC,DOTA_COMBAT_CLASS_DEFEND_HERO,minimap_creep,0,0,pet,pet_81_1,,,,
pet_82,魔法飞毯小恶魔,npc_dota_creature,,models/courier/smeevil_magic_carpet/smeevil_magic_carpet.vmdl,1,1,N,,10188,,DOTA_HULL_SIZE_SMALL,DOTA_UNIT_CAP_MOVE_GROUND,400,0.5,120,1000,10,1000,2,DOTA_UNIT_CAP_NO_ATTACK,1,1,1.2,0.75,900,125,,,,0,0,DOTA_COMBAT_CLASS_ATTACK_BASIC,DOTA_COMBAT_CLASS_DEFEND_HERO,minimap_creep,0,0,pet,pet_82_1,,,,
pet_83,树墩,npc_dota_creature,,models/courier/stump/stump.vmdl,1,1,N,,10017,,DOTA_HULL_SIZE_SMALL,DOTA_UNIT_CAP_MOVE_GROUND,400,0.5,120,1000,10,1000,2,DOTA_UNIT_CAP_NO_ATTACK,1,1,1.2,0.75,900,125,,,,0,0,DOTA_COMBAT_CLASS_ATTACK_BASIC,DOTA_COMBAT_CLASS_DEFEND_HERO,minimap_creep,0,0,pet,pet_83_1,,,,
pet_84,泰伦,npc_dota_creature,,models/items/courier/teron/teron.vmdl,1,1,N,,10600,,DOTA_HULL_SIZE_SMALL,DOTA_UNIT_CAP_MOVE_GROUND,400,0.5,120,1000,10,1000,2,DOTA_UNIT_CAP_NO_ATTACK,1,1,1.2,0.75,900,125,,,,0,0,DOTA_COMBAT_CLASS_ATTACK_BASIC,DOTA_COMBAT_CLASS_DEFEND_HERO,minimap_creep,0,0,pet,pet_84_1,,,,
pet_85,充电宝,npc_dota_creature,,models/items/courier/tinkbot/tinkbot.vmdl,1,1,N,,10295,,DOTA_HULL_SIZE_SMALL,DOTA_UNIT_CAP_MOVE_GROUND,400,0.5,120,1000,10,1000,2,DOTA_UNIT_CAP_NO_ATTACK,1,1,1.2,0.75,900,125,,,,0,0,DOTA_COMBAT_CLASS_ATTACK_BASIC,DOTA_COMBAT_CLASS_DEFEND_HERO,minimap_creep,0,0,pet,pet_85_1,,,,
pet_86,青天卫鸟,npc_dota_creature,,models/items/courier/tory_the_sky_guardian/tory_the_sky_guardian.vmdl,1,1,N,,10376,,DOTA_HULL_SIZE_SMALL,DOTA_UNIT_CAP_MOVE_GROUND,400,0.5,120,1000,10,1000,2,DOTA_UNIT_CAP_NO_ATTACK,1,1,1.2,0.75,900,125,,,,0,0,DOTA_COMBAT_CLASS_ATTACK_BASIC,DOTA_COMBAT_CLASS_DEFEND_HERO,minimap_creep,0,0,pet,pet_86_1,,,,
pet_87,骑龟恶小魔,npc_dota_creature,,models/courier/turtle_rider/turtle_rider.vmdl,1,1,N,,10004,,DOTA_HULL_SIZE_SMALL,DOTA_UNIT_CAP_MOVE_GROUND,400,0.5,120,1000,10,1000,2,DOTA_UNIT_CAP_NO_ATTACK,1,1,1.2,0.75,900,125,modifier_courier_fx_ambient_87,,,0,0,DOTA_COMBAT_CLASS_ATTACK_BASIC,DOTA_COMBAT_CLASS_DEFEND_HERO,minimap_creep,0,0,pet,pet_87_1,,,,
pet_88,金色矿车鼠,npc_dota_creature,,models/items/courier/mole_messenger/mole_messenger_lvl7.vmdl,1,1,SSR,,12191,6,DOTA_HULL_SIZE_SMALL,DOTA_UNIT_CAP_MOVE_GROUND,400,0.5,120,1000,10,1000,2,DOTA_UNIT_CAP_NO_ATTACK,1,1,1.2,0.75,900,125,,,,0,0,DOTA_COMBAT_CLASS_ATTACK_BASIC,DOTA_COMBAT_CLASS_DEFEND_HERO,minimap_creep,0,0,pet,pet_88_1,,,,
pet_89,矿车鼠小弟,npc_dota_creature,,models/items/courier/mole_messenger/mole_messenger_lvl6.vmdl,1,1,R,,12191,5,DOTA_HULL_SIZE_SMALL,DOTA_UNIT_CAP_MOVE_GROUND,400,0.5,120,1000,10,1000,2,DOTA_UNIT_CAP_NO_ATTACK,1,1,1.2,0.75,900,125,,,,0,0,DOTA_COMBAT_CLASS_ATTACK_BASIC,DOTA_COMBAT_CLASS_DEFEND_HERO,minimap_creep,0,0,pet,pet_89_1,,,,
pet_90,黄金肉山宝宝,npc_dota_creature,,models/courier/baby_rosh/babyroshan.vmdl,1,1,SSR,1,10096,,DOTA_HULL_SIZE_SMALL,DOTA_UNIT_CAP_MOVE_GROUND,400,0.5,120,1000,10,1000,2,DOTA_UNIT_CAP_NO_ATTACK,1,1,1.2,0.75,900,125,modifier_courier_fx_ambient_90,,,0,0,DOTA_COMBAT_CLASS_ATTACK_BASIC,DOTA_COMBAT_CLASS_DEFEND_HERO,minimap_creep,0,0,pet,pet_90_1,,,,
